id;name;mailing_name;mailing_address;pan_no;extra_field_1;extra_field_2;extra_field_3;extra_field_4;extra_field_5
1;capacity pixel Baby;Comoro Franc Supervisor;Cheese connect;Planner Automated pink;false;true;true;Shoes;deposit
2;bus Gloves;Licensed Hong Kong action-items;Sports lavender;open-source application;true;false;false;aggregate migration niches;Usability
3;platforms;Bedfordshire;Frozen methodical;Car Lek;true;false;false;context-sensitive Chicken;fuchsia Shores
4;Kansas;bi-directional index;Jewelery seize;contextually-based Refined Metal Car Rupiah;false;true;false;Business-focused Handmade Metal Hat Dynamic;markets Customer
5;frictionless;deposit;Home Loan Account;Italy Mobility;false;false;true;Jordan Infrastructure JSON;Borders Soap Sausages
6;e-commerce Pants;Idaho Tasty Soft Chicken syndicate;capacitor Mountains Cambridgeshire;Movies;true;true;false;Buckinghamshire platforms;bypassing Alabama PCI
7;Fresh Auto Loan Account;Optimization withdrawal;National connecting;overriding Metrics;true;true;true;robust Saint Helena Pound heuristic;Auto Loan Account Metal Brooks
8;parsing;Officer strategy bypassing;Unbranded Plastic Pants;whiteboard Refined Steel Sausages Metrics;false;false;false;one-to-one feed zero tolerance;Lead Analyst Handmade Fresh Towels
9;mobile Innovative;Digitized;Ridge;Berkshire;false;false;true;Minnesota;Handmade B2C
10;Home Loan Account hacking Avon;Credit Card Account Generic Frozen Car matrix;functionalities Identity;copying;true;true;false;Multi-channelled Borders Iowa;Keyboard e-enable Practical
